epoch,time,train/box_loss,train/cls_loss,train/dfl_loss,metrics/precision(B),metrics/recall(B),metrics/mAP50(B),metrics/mAP50-95(B),val/box_loss,val/cls_loss,val/dfl_loss,lr/pg0,lr/pg1,lr/pg2
1,25.3621,2.72388,14.5559,0.0027,9e-05,0.00197,1e-05,0,2.74451,5.99872,0.00272,9.72222e-05,9.72222e-05,0.0806528
2,47.1981,2.38293,2.25272,0.00218,0.10385,0.50259,0.19429,0.0812,2.43737,3.13727,0.00208,0.000197202,0.000197202,0.0607528
3,68.9254,2.2672,1.91446,0.00195,0.39013,0.29407,0.27655,0.1115,2.31556,1.85998,0.00194,0.000297098,0.000297098,0.0408527
4,100.477,2.16495,1.78725,0.00201,0.43076,0.44257,0.37786,0.17392,2.1125,1.65097,0.00179,0.00039685,0.00039685,0.0209524
5,121.962,2.11958,1.69039,0.00181,0.44649,0.37115,0.35267,0.15341,2.15283,1.65148,0.00173,0.000496394,0.000496394,0.00105195
6,143.224,2.09846,1.63132,0.00193,0.44392,0.45906,0.41477,0.2069,2.09531,1.60348,0.0018,0.000498699,0.000498699,0.000498699
7,176.643,2.09153,1.54436,0.00182,0.45862,0.5049,0.46868,0.22689,2.1445,1.6118,0.00185,0.000498127,0.000498127,0.000498127
8,214.778,2.07888,1.47478,0.00193,0.54804,0.48043,0.47867,0.23988,2.12043,1.47858,0.00185,0.000497452,0.000497452,0.000497452
9,236.285,2.05568,1.44096,0.00177,0.58275,0.44297,0.48671,0.24425,2.12513,1.46379,0.00182,0.000496674,0.000496674,0.000496674
10,257.694,2.08623,1.40588,0.00188,0.4944,0.52622,0.48138,0.23782,2.02261,1.4749,0.00172,0.000495793,0.000495793,0.000495793
11,279.31,2.04368,1.34802,0.00175,0.51345,0.49438,0.468,0.22788,2.0549,1.46091,0.00175,0.00049481,0.00049481,0.00049481
12,303.91,2.09958,1.3902,0.00174,0.50312,0.47243,0.45537,0.22894,2.08681,1.45184,0.00179,0.000493725,0.000493725,0.000493725
13,325.032,2.0121,1.38766,0.00178,0.56837,0.49092,0.48529,0.23748,2.05043,1.4914,0.00175,0.000492539,0.000492539,0.000492539
14,346.185,2.02565,1.32374,0.00171,0.60659,0.53527,0.53566,0.26874,2.07684,1.4154,0.00178,0.000491251,0.000491251,0.000491251
15,367.699,1.97167,1.31045,0.00184,0.61258,0.49725,0.50693,0.25917,2.03045,1.41486,0.00174,0.000489863,0.000489863,0.000489863
16,388.902,2.0063,1.34637,0.00171,0.51589,0.52267,0.50823,0.26141,1.99503,1.51069,0.00168,0.000488376,0.000488376,0.000488376
17,410.136,2.0173,1.33944,0.00177,0.54147,0.539,0.51096,0.27105,2.03874,1.3837,0.00169,0.000486789,0.000486789,0.000486789
18,431.671,1.99021,1.31289,0.0017,0.5991,0.54574,0.56233,0.29623,1.97615,1.31805,0.00166,0.000485104,0.000485104,0.000485104
19,453.125,1.95803,1.28317,0.00164,0.5755,0.55644,0.56142,0.29964,1.9401,1.30528,0.00162,0.000483322,0.000483322,0.000483322
20,474.657,1.94138,1.28369,0.00179,0.60722,0.54234,0.55041,0.29549,1.98993,1.2948,0.0017,0.000481442,0.000481442,0.000481442
21,495.872,1.93771,1.23529,0.00157,0.59622,0.53963,0.55293,0.28874,1.97767,1.32179,0.00168,0.000479467,0.000479467,0.000479467
22,517.109,1.96063,1.22836,0.00164,0.56855,0.54091,0.53881,0.2724,2.0676,1.32644,0.00171,0.000477396,0.000477396,0.000477396
23,539.807,1.93084,1.2002,0.00152,0.62147,0.55199,0.57354,0.3118,1.93192,1.2718,0.00167,0.000475232,0.000475232,0.000475232
24,561.296,1.94258,1.2478,0.00165,0.60995,0.53855,0.55462,0.29022,2.01526,1.31032,0.00173,0.000472973,0.000472973,0.000472973
25,582.579,1.8964,1.17981,0.00168,0.59157,0.53838,0.55603,0.29641,2.04714,1.33536,0.0017,0.000470623,0.000470623,0.000470623
26,603.826,1.95881,1.19275,0.0017,0.60102,0.52391,0.55157,0.29304,1.98252,1.27069,0.00167,0.000468181,0.000468181,0.000468181
27,624.954,1.89045,1.18922,0.00162,0.61647,0.56506,0.56514,0.30255,1.95877,1.29417,0.00167,0.000465649,0.000465649,0.000465649
28,647.753,1.8987,1.1837,0.00166,0.61279,0.56598,0.56454,0.30342,1.94023,1.23371,0.00166,0.000463028,0.000463028,0.000463028
29,673.505,1.91362,1.13765,0.00166,0.57474,0.48831,0.50254,0.25944,2.03442,1.39438,0.0017,0.000460319,0.000460319,0.000460319
30,706.425,1.97762,1.13138,0.00161,0.59165,0.58106,0.56922,0.30753,1.97474,1.22531,0.00166,0.000457523,0.000457523,0.000457523
31,735.849,1.92008,1.13787,0.00159,0.63128,0.55646,0.5768,0.3067,1.91884,1.27001,0.00167,0.000454642,0.000454642,0.000454642
32,775.018,1.86857,1.13745,0.00156,0.62809,0.59145,0.58759,0.31173,1.99742,1.22406,0.00172,0.000451676,0.000451676,0.000451676
33,798.749,1.87968,1.12387,0.00152,0.64261,0.52804,0.56561,0.29372,1.99115,1.2852,0.00162,0.000448627,0.000448627,0.000448627
34,819.952,1.89971,1.14162,0.00147,0.59947,0.56411,0.55981,0.29991,1.91131,1.29216,0.00164,0.000445497,0.000445497,0.000445497
35,844.943,1.89119,1.15329,0.00161,0.58156,0.50904,0.51941,0.27474,2.06009,1.3758,0.00167,0.000442286,0.000442286,0.000442286
36,866.338,1.8775,1.17043,0.00153,0.61927,0.53887,0.56764,0.30899,1.9239,1.25329,0.00166,0.000438997,0.000438997,0.000438997
37,887.849,1.83943,1.14036,0.00151,0.63172,0.51722,0.54627,0.29312,1.91291,1.35969,0.00163,0.00043563,0.00043563,0.00043563
38,922.036,1.86711,1.13679,0.00155,0.58252,0.58503,0.57383,0.30406,1.97125,1.29137,0.00168,0.000432187,0.000432187,0.000432187
39,943.556,1.8308,1.08808,0.00156,0.60955,0.58943,0.57474,0.30346,2.01206,1.23658,0.00173,0.00042867,0.00042867,0.00042867
40,970.42,1.82914,1.07296,0.00148,0.594,0.57996,0.58615,0.32252,1.95037,1.23493,0.0016,0.00042508,0.00042508,0.00042508
41,996.858,1.81155,1.08581,0.00149,0.54882,0.62072,0.57956,0.3225,1.94217,1.23894,0.00162,0.000421419,0.000421419,0.000421419
42,1018,1.88611,1.08777,0.00154,0.6849,0.54599,0.60044,0.33309,1.94416,1.22047,0.00156,0.000417687,0.000417687,0.000417687
43,1039.53,1.79935,1.03321,0.00145,0.61425,0.59656,0.5972,0.32937,1.91257,1.19799,0.0016,0.000413888,0.000413888,0.000413888
44,1060.71,1.81687,1.06865,0.00154,0.63745,0.55235,0.59034,0.31969,1.92022,1.17587,0.00163,0.000410023,0.000410023,0.000410023
45,1082.03,1.81937,1.03556,0.00155,0.64066,0.56581,0.5892,0.31711,1.93145,1.20974,0.00165,0.000406092,0.000406092,0.000406092
46,1103.18,1.81711,1.07646,0.0015,0.62357,0.56475,0.5807,0.31604,1.952,1.17614,0.00157,0.000402099,0.000402099,0.000402099
47,1130.26,1.80142,0.98292,0.00144,0.62626,0.55401,0.56216,0.30077,2.15622,1.21253,0.00174,0.000398044,0.000398044,0.000398044
48,1164.94,1.80447,1.00003,0.00149,0.58062,0.56693,0.54611,0.29519,1.91044,1.27428,0.00159,0.00039393,0.00039393,0.00039393
49,1195.38,1.78078,1.01638,0.00139,0.60221,0.59003,0.58247,0.31692,1.90716,1.19171,0.00163,0.000389759,0.000389759,0.000389759
50,1216.48,1.80814,0.9854,0.00144,0.61699,0.56651,0.57347,0.31142,1.89886,1.23205,0.00156,0.000385531,0.000385531,0.000385531
51,1268.31,1.7919,1.0014,0.00156,0.59294,0.59446,0.57986,0.31918,1.8954,1.23873,0.00162,0.00038125,0.00038125,0.00038125
52,1289.55,1.76962,0.97341,0.00134,0.65274,0.55496,0.59325,0.32905,1.8514,1.21831,0.00152,0.000376916,0.000376916,0.000376916
53,1310.91,1.77967,1.01933,0.00143,0.58383,0.61061,0.58458,0.31946,1.87923,1.16934,0.00163,0.000372533,0.000372533,0.000372533
54,1332.09,1.77956,1.00715,0.00145,0.59304,0.55193,0.56316,0.30761,1.88528,1.20531,0.00165,0.000368101,0.000368101,0.000368101
55,1354.15,1.7807,0.99874,0.00134,0.63205,0.56758,0.5824,0.32826,1.89701,1.18903,0.00156,0.000363623,0.000363623,0.000363623
56,1375.65,1.76281,0.95281,0.00135,0.68133,0.55646,0.59058,0.32972,1.84878,1.15802,0.00156,0.0003591,0.0003591,0.0003591
57,1403.88,1.77226,0.98391,0.00139,0.67846,0.56796,0.59913,0.33566,1.85272,1.1754,0.00153,0.000354535,0.000354535,0.000354535
58,1425.42,1.76146,0.96899,0.00142,0.6347,0.58602,0.59274,0.33401,1.89409,1.17003,0.00157,0.00034993,0.00034993,0.00034993
59,1446.74,1.75651,0.97136,0.00132,0.67681,0.57735,0.59783,0.32391,1.95377,1.19747,0.0016,0.000345286,0.000345286,0.000345286
60,1481.65,1.75024,0.98882,0.00132,0.63164,0.55656,0.58004,0.31722,1.89678,1.18999,0.00156,0.000340606,0.000340606,0.000340606
61,1502.96,1.72912,0.94927,0.00135,0.64379,0.58548,0.58943,0.32489,1.90072,1.16591,0.00162,0.000335892,0.000335892,0.000335892
62,1545.93,1.70499,0.92741,0.00143,0.64004,0.59518,0.59361,0.32256,1.86523,1.22598,0.00157,0.000331145,0.000331145,0.000331145
63,1568.16,1.71258,0.92913,0.0013,0.56515,0.5989,0.59107,0.33035,1.88239,1.2079,0.00153,0.000326368,0.000326368,0.000326368
64,1591.45,1.74433,0.94779,0.00136,0.61254,0.56228,0.58879,0.31775,1.92404,1.25408,0.00158,0.000321564,0.000321564,0.000321564
65,1612.7,1.73494,0.95182,0.00136,0.65451,0.58605,0.59248,0.32816,1.98616,1.26274,0.00158,0.000316733,0.000316733,0.000316733
66,1633.97,1.72098,0.92995,0.00137,0.66977,0.58147,0.61656,0.34528,1.87063,1.12606,0.00158,0.000311879,0.000311879,0.000311879
67,1655.41,1.72266,0.90353,0.00127,0.64757,0.57691,0.60175,0.33766,1.835,1.17218,0.00155,0.000307003,0.000307003,0.000307003
68,1676.66,1.68603,0.88271,0.00137,0.68014,0.5437,0.60047,0.33568,1.87894,1.16826,0.00162,0.000302108,0.000302108,0.000302108
69,1698,1.6774,0.87462,0.00124,0.62035,0.63028,0.61049,0.33116,1.86634,1.1584,0.00157,0.000297195,0.000297195,0.000297195
70,1719.31,1.6666,0.88152,0.00133,0.61265,0.58139,0.58054,0.32339,2.03699,1.23187,0.00167,0.000292267,0.000292267,0.000292267
71,1740.61,1.72225,0.9288,0.00132,0.65331,0.58742,0.60492,0.33871,1.89593,1.26081,0.00156,0.000287326,0.000287326,0.000287326
72,1761.83,1.70133,0.89922,0.00135,0.59825,0.61379,0.59216,0.33062,1.97244,1.22202,0.00162,0.000282373,0.000282373,0.000282373
73,1783.18,1.6803,0.86738,0.00126,0.66615,0.58632,0.61116,0.34447,1.85519,1.16876,0.00156,0.000277413,0.000277413,0.000277413
74,1804.39,1.64794,0.85311,0.00123,0.66253,0.58819,0.61622,0.34084,1.88818,1.17633,0.00154,0.000272445,0.000272445,0.000272445
75,1825.6,1.69128,0.84087,0.00132,0.64078,0.58765,0.60628,0.33144,2.04071,1.14451,0.00163,0.000267474,0.000267474,0.000267474
76,1846.7,1.67299,0.82413,0.0012,0.62593,0.5891,0.59613,0.33494,1.93309,1.20004,0.00161,0.0002625,0.0002625,0.0002625
77,1867.91,1.64569,0.81873,0.00121,0.60703,0.62348,0.60884,0.34544,1.90949,1.15265,0.00149,0.000257526,0.000257526,0.000257526
78,1889.35,1.6661,0.80884,0.00124,0.59509,0.60956,0.60134,0.33045,1.89287,1.17469,0.00157,0.000252555,0.000252555,0.000252555
79,1910.62,1.64566,0.80013,0.00121,0.61915,0.62779,0.60616,0.33814,1.89613,1.20592,0.00163,0.000247587,0.000247587,0.000247587
80,1931.88,1.65024,0.82861,0.00124,0.6391,0.58655,0.60909,0.34241,1.91273,1.15961,0.0016,0.000242627,0.000242627,0.000242627
81,1952.98,1.59986,0.78751,0.00122,0.65708,0.58578,0.61229,0.34833,1.90192,1.15946,0.00161,0.000237674,0.000237674,0.000237674
82,1974.51,1.6536,0.80117,0.00114,0.67261,0.56503,0.61704,0.34526,1.91063,1.13384,0.00163,0.000232733,0.000232733,0.000232733
83,1995.61,1.64036,0.79135,0.00116,0.71456,0.5733,0.62641,0.35028,1.90813,1.16005,0.00157,0.000227805,0.000227805,0.000227805
84,2034.56,1.61445,0.79394,0.00124,0.65215,0.60084,0.60768,0.33269,1.96482,1.20622,0.00162,0.000222892,0.000222892,0.000222892
85,2055.6,1.62811,0.75372,0.00117,0.64354,0.61908,0.61521,0.34737,1.89473,1.1608,0.0016,0.000217997,0.000217997,0.000217997
86,2089.8,1.64302,0.76025,0.00117,0.64147,0.58678,0.60561,0.33795,1.91049,1.14851,0.00156,0.000213121,0.000213121,0.000213121
87,2111.09,1.59919,0.78383,0.00106,0.67775,0.5704,0.59947,0.3389,1.85477,1.23679,0.00158,0.000208267,0.000208267,0.000208267
88,2132.32,1.60808,0.78713,0.00114,0.60349,0.59938,0.6024,0.34232,1.94661,1.20008,0.00161,0.000203436,0.000203436,0.000203436
89,2161.53,1.60307,0.7785,0.00109,0.64872,0.57554,0.59363,0.33187,1.88377,1.16449,0.00157,0.000198632,0.000198632,0.000198632
90,2182.76,1.56812,0.73253,0.0011,0.61558,0.60846,0.60896,0.34133,1.92259,1.18722,0.00156,0.000193855,0.000193855,0.000193855
91,2204.01,1.59699,0.72214,0.0011,0.60304,0.62428,0.60346,0.33574,1.89916,1.18567,0.00158,0.000189108,0.000189108,0.000189108
92,2225.32,1.59704,0.71083,0.00118,0.62938,0.60007,0.60677,0.34908,1.90121,1.18753,0.00157,0.000184394,0.000184394,0.000184394
93,2246.47,1.56097,0.70934,0.00105,0.64235,0.57225,0.59491,0.34127,1.90264,1.15035,0.00162,0.000179714,0.000179714,0.000179714
94,2267.64,1.56146,0.69646,0.00103,0.62349,0.61216,0.605,0.339,1.90466,1.16816,0.00157,0.00017507,0.00017507,0.00017507
95,2288.79,1.56344,0.69783,0.0011,0.6402,0.59969,0.60064,0.33721,1.94453,1.15923,0.00158,0.000170465,0.000170465,0.000170465
96,2309.92,1.56522,0.71856,0.00107,0.67986,0.58639,0.60246,0.33814,1.91285,1.22935,0.00156,0.0001659,0.0001659,0.0001659
97,2344.7,1.53748,0.68145,0.00106,0.63895,0.60041,0.60265,0.33426,1.89569,1.1496,0.00157,0.000161377,0.000161377,0.000161377
98,2365.98,1.53153,0.66861,0.00105,0.64723,0.59364,0.61527,0.34288,1.88612,1.14481,0.00156,0.000156899,0.000156899,0.000156899
99,2387.18,1.54447,0.69638,0.00117,0.6482,0.57742,0.60381,0.33919,1.87916,1.17027,0.00157,0.000152467,0.000152467,0.000152467
100,2408.18,1.54393,0.67586,0.00108,0.66204,0.57586,0.60425,0.33326,1.95788,1.1999,0.0016,0.000148084,0.000148084,0.000148084
101,2429.21,1.53161,0.68647,0.00116,0.65932,0.56476,0.59363,0.33155,1.93642,1.20319,0.00158,0.00014375,0.00014375,0.00014375
102,2450.44,1.52881,0.6602,0.00099,0.66522,0.58642,0.60752,0.34393,1.90415,1.18149,0.00159,0.000139469,0.000139469,0.000139469
103,2471.68,1.53735,0.66361,0.00108,0.65954,0.59761,0.60874,0.3494,1.87433,1.14533,0.00154,0.000135241,0.000135241,0.000135241
104,2492.92,1.5409,0.65034,0.001,0.66452,0.59302,0.61727,0.34992,1.90484,1.12112,0.00157,0.00013107,0.00013107,0.00013107
105,2514.09,1.51479,0.66212,0.00106,0.68853,0.58329,0.6102,0.34354,1.93069,1.16076,0.00155,0.000126956,0.000126956,0.000126956
106,2542.73,1.52619,0.6365,0.00101,0.70402,0.57435,0.61393,0.34578,1.89666,1.17134,0.00151,0.000122901,0.000122901,0.000122901
107,2563.89,1.4901,0.64591,0.00099,0.69239,0.57749,0.60989,0.34748,1.86814,1.16531,0.00152,0.000118908,0.000118908,0.000118908
108,2585.09,1.49467,0.62136,0.00102,0.62762,0.61906,0.61324,0.34531,1.90036,1.16782,0.00153,0.000114977,0.000114977,0.000114977
109,2606.33,1.51182,0.62555,0.00102,0.64728,0.61018,0.61778,0.34579,1.89016,1.15253,0.00154,0.000111112,0.000111112,0.000111112
110,2627.53,1.50594,0.61951,0.00105,0.6689,0.60977,0.61863,0.34619,1.8979,1.15488,0.00155,0.000107313,0.000107313,0.000107313
111,2648.78,1.49485,0.62811,0.00103,0.63634,0.63476,0.61898,0.3464,1.85901,1.15749,0.00155,0.000103581,0.000103581,0.000103581
112,2669.98,1.48484,0.59207,0.001,0.6944,0.5692,0.61669,0.35229,1.84384,1.15992,0.00151,9.99201e-05,9.99201e-05,9.99201e-05
113,2691.51,1.46499,0.60136,0.00094,0.66395,0.58712,0.60931,0.34289,1.8707,1.21386,0.00153,9.633e-05,9.633e-05,9.633e-05
114,2712.7,1.50778,0.59336,0.00096,0.61692,0.61485,0.60024,0.33583,1.92362,1.18889,0.0016,9.28127e-05,9.28127e-05,9.28127e-05
115,2757.44,1.49301,0.57634,0.00092,0.64694,0.596,0.5984,0.34049,1.94734,1.18578,0.0016,8.937e-05,8.937e-05,8.937e-05
116,2778.64,1.45333,0.60056,0.00102,0.63486,0.62455,0.61363,0.34573,1.88281,1.20074,0.00155,8.60031e-05,8.60031e-05,8.60031e-05
117,2799.79,1.5007,0.6038,0.00102,0.66629,0.58556,0.61535,0.35071,1.89361,1.1913,0.00156,8.27137e-05,8.27137e-05,8.27137e-05
118,2820.96,1.48448,0.57976,0.00095,0.6514,0.60108,0.61586,0.34561,1.8891,1.19242,0.00157,7.95031e-05,7.95031e-05,7.95031e-05
119,2847.8,1.46304,0.58738,0.00089,0.64079,0.58582,0.6078,0.3451,1.87472,1.18309,0.00154,7.63728e-05,7.63728e-05,7.63728e-05
120,2870.93,1.47431,0.58703,0.00097,0.66426,0.59198,0.61728,0.35257,1.85577,1.2079,0.00153,7.33241e-05,7.33241e-05,7.33241e-05
121,2892.25,1.45631,0.59955,0.00096,0.66117,0.58811,0.61152,0.34591,1.91509,1.2077,0.00155,7.03585e-05,7.03585e-05,7.03585e-05
122,2913.31,1.43931,0.58277,0.00094,0.6429,0.60169,0.61009,0.34478,1.87927,1.18988,0.00155,6.74771e-05,6.74771e-05,6.74771e-05
123,2934.46,1.4314,0.56345,0.00085,0.65007,0.58568,0.60155,0.34693,1.86869,1.19932,0.00155,6.46812e-05,6.46812e-05,6.46812e-05
124,2970.97,1.43101,0.56121,0.00097,0.66249,0.58315,0.60029,0.34933,1.84898,1.17089,0.00156,6.19721e-05,6.19721e-05,6.19721e-05
125,2992.21,1.42533,0.55331,0.00091,0.66199,0.59527,0.60797,0.3492,1.89969,1.19575,0.00158,5.9351e-05,5.9351e-05,5.9351e-05
126,3013.44,1.43303,0.54931,0.00099,0.65851,0.59129,0.6074,0.34577,1.93092,1.20829,0.00156,5.6819e-05,5.6819e-05,5.6819e-05
127,3034.66,1.44852,0.55764,0.00101,0.64929,0.6066,0.611,0.34922,1.90336,1.17139,0.00155,5.43772e-05,5.43772e-05,5.43772e-05
128,3076.21,1.39934,0.53335,0.00091,0.66888,0.59503,0.60644,0.3477,1.88456,1.18625,0.00155,5.20266e-05,5.20266e-05,5.20266e-05
129,3115.36,1.40477,0.531,0.00084,0.63221,0.61143,0.60681,0.34404,1.93323,1.17455,0.00158,4.97685e-05,4.97685e-05,4.97685e-05
130,3136.52,1.42221,0.55052,0.00083,0.63701,0.62113,0.61012,0.34492,1.89018,1.17148,0.00158,4.76036e-05,4.76036e-05,4.76036e-05
131,3166.19,1.40711,0.55096,0.00085,0.6544,0.60363,0.61033,0.34396,1.90917,1.16604,0.00157,4.5533e-05,4.5533e-05,4.5533e-05
132,3187.22,1.40818,0.52723,0.0009,0.6401,0.60928,0.6099,0.34941,1.88854,1.17617,0.00155,4.35575e-05,4.35575e-05,4.35575e-05
133,3208.38,1.41942,0.54199,0.00086,0.61712,0.6265,0.61494,0.34789,1.90519,1.18269,0.00156,4.16781e-05,4.16781e-05,4.16781e-05
134,3229.48,1.41816,0.54414,0.00086,0.61735,0.62215,0.61521,0.34734,1.91103,1.18567,0.00157,3.98955e-05,3.98955e-05,3.98955e-05
135,3250.53,1.40683,0.52334,0.00086,0.67074,0.56524,0.60984,0.34763,1.8926,1.19805,0.00154,3.82106e-05,3.82106e-05,3.82106e-05
136,3271.57,1.396,0.53887,0.00084,0.6501,0.5828,0.61013,0.34816,1.87391,1.18674,0.00154,3.66241e-05,3.66241e-05,3.66241e-05
137,3292.81,1.37843,0.51716,0.0009,0.65807,0.58392,0.61029,0.34906,1.90001,1.19002,0.00155,3.51366e-05,3.51366e-05,3.51366e-05
138,3313.93,1.40174,0.52424,0.0009,0.66834,0.57608,0.61102,0.3516,1.89228,1.21333,0.00156,3.37489e-05,3.37489e-05,3.37489e-05
139,3335.09,1.38735,0.52312,0.00095,0.65423,0.58401,0.6111,0.35066,1.89512,1.22595,0.00154,3.24615e-05,3.24615e-05,3.24615e-05
140,3356.31,1.40611,0.52942,0.00087,0.67867,0.57827,0.61499,0.35052,1.89806,1.18813,0.00156,3.1275e-05,3.1275e-05,3.1275e-05
141,3380.1,1.40884,0.53282,0.00087,0.65481,0.59101,0.60805,0.34827,1.89135,1.19049,0.00158,3.01899e-05,3.01899e-05,3.01899e-05
142,3401.25,1.38809,0.5202,0.0009,0.6374,0.60918,0.60445,0.34603,1.88252,1.21442,0.00158,2.92068e-05,2.92068e-05,2.92068e-05
143,3422.68,1.41118,0.53732,0.00089,0.63222,0.6146,0.60329,0.34365,1.90024,1.2051,0.0016,2.83259e-05,2.83259e-05,2.83259e-05
144,3444.01,1.42163,0.53422,0.00092,0.63937,0.61618,0.6074,0.3456,1.90597,1.19923,0.00163,2.75478e-05,2.75478e-05,2.75478e-05
145,3465.24,1.38135,0.51435,0.00087,0.63341,0.60529,0.6053,0.34573,1.89863,1.20647,0.00163,2.68728e-05,2.68728e-05,2.68728e-05
146,3486.43,1.39636,0.5204,0.00077,0.6288,0.60553,0.60484,0.34325,1.91555,1.21458,0.00163,2.6301e-05,2.6301e-05,2.6301e-05
147,3507.5,1.375,0.51135,0.00087,0.63829,0.61292,0.60368,0.34316,1.93004,1.2081,0.00161,2.58329e-05,2.58329e-05,2.58329e-05
148,3551.07,1.39412,0.51041,0.00085,0.63639,0.60886,0.60388,0.34631,1.91363,1.21562,0.00158,2.54687e-05,2.54687e-05,2.54687e-05
149,3572.01,1.38043,0.50835,0.00088,0.629,0.60361,0.60343,0.3468,1.88192,1.21867,0.00158,2.52083e-05,2.52083e-05,2.52083e-05
150,3601.56,1.37168,0.52401,0.00085,0.63958,0.60807,0.60648,0.34653,1.88765,1.22167,0.00157,2.50521e-05,2.50521e-05,2.50521e-05
